SampleID	Tissue	Genotype	Treatment	Replicate	MergeID	paired	spots	avgLength
SRR999064	tassel		chip_HA	1	m1	FALSE	43399338	61.59655453730654
SRR999065	tassel		chip_YFP	1	m2	FALSE	57361540	57.59076238190258
SRR999066	tassel		input_HA	1	m3	FALSE	10326425	72
SRR999067	tassel		input_YFP	1	m4	FALSE	20069769	72
SRR999068	ear		chip_HA	1	m5	FALSE	21022433	50
SRR999069	ear		chip_YFP	1	m6	FALSE	29946146	50
SRR999070	ear		input_HA	1	m7	FALSE	46342800	50
SRR999071	ear		input_YFP	1	m8	FALSE	49265747	50
